job_id,file_name,status,time,new_unary,new_binary,other,total_derive_0,all_derive,percentage
898167,interleave2023_24.0_d89f0a7a08f9b60579b26b01e2196394,SLURM_TIME_LIMIT,5100,0,1403,1306,105,145,0.7241379310344828
897953,interleave2023_24.0_431bfb466be51ecd86b321b5cbce6d3c,UNDEFINED/UNSAT,4.788,89,0,0,2,3,0.6666666666666666
897889,interleave2023_24.0_220bb8aa093e502c47afcdac3140d67c,SAT,50.762,4,203,1,3,17,0.17647058823529413
898056,interleave2023_24.0_8fa526d20599ca8c3d613e9066d62e61,SLURM_TIME_LIMIT,5100,1145,0,0,6,9,0.6666666666666666
898014,interleave2023_24.0_71bca76153c6ee65b72a517fd658a42d,SAT,5100,12,40,0,1,2,0.5
897882,interleave2023_24.0_1f215812371f0c428eb1f1e51f9f23d7,SLURM_TIME_LIMIT,5100,10,391,0,102,123,0.8292682926829268
898203,interleave2023_24.0_fab0db1ab0dd5baa3215aab51ab69355,SAT,83.465,0,12,0,10,13,0.7692307692307693
897963,interleave2023_24.0_48ac8814180bdc90bf96a4caea64dae2,SLURM_TIME_LIMIT,5100,0,22196,107,29,150,0.19333333333333333
897866,interleave2023_24.0_18babbd2835b8a37c6299f8b0301c7c9,SAT,21.453,0,5,0,2,3,0.6666666666666666
898102,interleave2023_24.0_a9d081cbb33e6051be2512f2a2269d65,OUT_OF_MEMORY,5100,0,0,0,0,0,0
898092,interleave2023_24.0_a64f3c1afd7e0f6165efbe9fc2fc8003,SLURM_TIME_LIMIT,5100,0,186,0,91,134,0.6791044776119403
898214,interleave2023_24.0_ff867fd35aa52058382a8b0c21cd1f38,SLURM_TIME_LIMIT,5100,1,283,0,112,150,0.7466666666666667
897906,interleave2023_24.0_291c2b4fa2d8b009cd2a8331891ba667,SAT,349.721,13,187,3,4,14,0.2857142857142857
897972,interleave2023_24.0_4ffb80a0ad8b753fee1492101ffcbdbb,SLURM_TIME_LIMIT,5100,0,0,0,195,195,1.0
897844,interleave2023_24.0_096ac97e4261eabca440fc7bc135d7c0,SAT,1027.157,109,32,0,21,38,0.5526315789473685
897983,interleave2023_24.0_57c305967b30c503da1737258e6cc7e5,UNDEFINED/UNSAT,1775.551,60,758,330,15,53,0.2830188679245283
898143,interleave2023_24.0_caead0e04b6de4365822b25dfd55967f,SLURM_TIME_LIMIT,5100,7,252,8,23,35,0.6571428571428571
898199,interleave2023_24.0_f55acea8f0d207becbbbd26a11d97841,SLURM_TIME_LIMIT,5100,8,35,26,3,8,0.375
898126,interleave2023_24.0_bbf800109d039e117ed60593c185692c,SLURM_TIME_LIMIT,5100,0,84,0,143,159,0.89937106918239
897899,interleave2023_24.0_2722f39c27dc45a989bb52761ed52e50,SLURM_TIME_LIMIT,5100,1,358,0,101,126,0.8015873015873016
898070,interleave2023_24.0_96ae6bde39369f75aa975b0f5b74c325,SAT,148.293,4,0,0,2,3,0.6666666666666666
897846,interleave2023_24.0_0a279c478775cdeede51ad431aebf200,SLURM_TIME_LIMIT,5100,2,357,0,100,124,0.8064516129032258
898012,interleave2023_24.0_71270454196ae092b28d0a74300a85e1,UNDEFINED/UNSAT,3070.951,15,145,25,105,121,0.8677685950413223
897897,interleave2023_24.0_26114429758a203d651f4df87c94de4c,UNDEFINED/UNSAT,30.375,784,108,34,4,9,0.4444444444444444
897815,interleave2023_24.0_004b0f451f7d96f6a572e9e76360f51a,UNDEFINED/UNSAT,2932.112,11,9,0,5,8,0.625
898190,interleave2023_24.0_f02379d63678798e38dcc52b043cc51d,SAT,143.49099999999999,6,0,0,2,3,0.6666666666666666
897852,interleave2023_24.0_0eb98926b26343d31954169dfbde2b24,UNDEFINED/UNSAT,1145.302,5,0,0,2,3,0.6666666666666666
897817,interleave2023_24.0_00a981f385cd209d41e1efa1f5f29bac,SAT,30.513,59,0,0,2,3,0.6666666666666666
897954,interleave2023_24.0_4380f8ed143d97a65f8888b2feeddb80,SLURM_TIME_LIMIT,5100,0,607,4167,117,137,0.8540145985401459
897961,interleave2023_24.0_46e119b7ff8d0781354bfe68139c99b5,SLURM_TIME_LIMIT,5100,11,53,81,4,11,0.36363636363636365
898146,interleave2023_24.0_cd58fa8eba4046fd0a86642e1fe26cb9,SLURM_TIME_LIMIT,5100,0,1,2426,154,154,1.0
898081,interleave2023_24.0_9f3ef12b5b68f92eb9265721ea73bb03,SAT,207.888,1,1,0,2,3,0.6666666666666666
897883,interleave2023_24.0_1f6cf91464c6a19022144774b162a3cc,UNDEFINED/UNSAT,823.094,2,272,20,62,90,0.6888888888888889
897863,interleave2023_24.0_177a4ad8fd76ad8240387998112c3168,SAT,1387.677,87,33,0,32,51,0.6274509803921569
898004,interleave2023_24.0_6dca14e1af1795565d1e502ddc7d376b,OUT_OF_MEMORY,5100,0,0,0,0,0,0
898150,interleave2023_24.0_cea96962ebd736646af54d950943d909,SAT,6.296,0,0,0,3,3,1.0
897979,interleave2023_24.0_558ce551d2b933b7a5f1c7d2a6044930,SLURM_TIME_LIMIT,5100,0,0,0,166,166,1.0
897862,interleave2023_24.0_17039a3ed02ea12653ec5389e56dab50,UNDEFINED/UNSAT,0.684,3,10,13,1,3,0.3333333333333333
898043,interleave2023_24.0_89120de895868a3fccd74f30f78a5448,SLURM_TIME_LIMIT,5100,6,22,11,2,8,0.25
898159,interleave2023_24.0_d46c3fc9e953d4f84e8a18e52e29e7b7,OUT_OF_MEMORY,5100,0,0,0,0,0,0
897886,interleave2023_24.0_211938776d92f11870a687abd11d55a4,ERROR: Message:  [36mFound strong backdoor?!..[0m
,5100,0,0,0,0,0,0
897929,interleave2023_24.0_35b19a3332597c1e5a3668f75ca72971,SAT,860.077,56,29,0,23,35,0.6571428571428571
898182,interleave2023_24.0_e6d247292b525447a220323901842e4c,SLURM_TIME_LIMIT,5100,0,28,1,150,158,0.9493670886075949
898137,interleave2023_24.0_c1b5c3d1016de7baeb0ddb3a2ab2d891,SAT,121.883,0,0,0,38,38,1.0
897901,interleave2023_24.0_27b4fe4cb0b4e2fd8327209ca5ff352c,UNDEFINED/UNSAT,0.877,3,87,13,1,3,0.3333333333333333
898145,interleave2023_24.0_cd118ff851f95661b2a3adfc3e393c74,SLURM_TIME_LIMIT,5100,0,5,0,132,134,0.9850746268656716
898192,interleave2023_24.0_f08b3567642ea029452fff2c1d10c132,UNDEFINED/UNSAT,1914.148,0,214,0,58,93,0.6236559139784946
898104,interleave2023_24.0_aa4a861240c0c39b5aa44602133ae5e1,UNDEFINED/UNSAT,1011.861,0,72,8,75,94,0.7978723404255319
898023,interleave2023_24.0_758f9ed67b4d2068c209157335e07266,SLURM_TIME_LIMIT,5100,0,16,0,157,163,0.9631901840490797
898194,interleave2023_24.0_f20c2aa0f9cced05a74031e0a3afaa1a,SAT,581.728,54,15,0,17,27,0.6296296296296297
897969,interleave2023_24.0_4fd2e4e6ecb4fe8d3f9e1fda81633469,SAT,21.311,0,2,0,2,3,0.6666666666666666
897839,interleave2023_24.0_075ca0a158690a55b7254d9aaee2e103,UNDEFINED/UNSAT,309.563,5,2,0,6,8,0.75
898016,interleave2023_24.0_71dbf7ab78ef93c3d491c67752f03fd1,UNDEFINED/UNSAT,157.25,434,7,6,2,5,0.4
897950,interleave2023_24.0_41c39c9a2d75ca50b603ea7c3d86106a,SAT,28.707,0,3,0,2,3,0.6666666666666666
897868,interleave2023_24.0_1932e1e8f0c78372759909e45a19ecc7,SAT,42.237,0,8,0,5,8,0.625
897948,interleave2023_24.0_41457ee03686b32962c12445524f62a9,UNDEFINED/UNSAT,319.695,4,204,0,45,67,0.6716417910447762
898178,interleave2023_24.0_e444548857eaf649c4624e3494c89c8e,UNDEFINED/UNSAT,770.748,5,0,0,7,8,0.875
897845,interleave2023_24.0_0982db5b0b15642e79e8242881529b39,OUT_OF_MEMORY,5100,0,0,0,90,90,1.0
897859,interleave2023_24.0_150b5f8cac40bb4e0fcbdd65c3c04701,OUT_OF_MEMORY,5100,0,0,0,0,0,0
898111,interleave2023_24.0_af1e84bc2ab44d87d1c4c0cbf9e601c5,SLURM_TIME_LIMIT,5100,0,0,0,174,174,1.0
897900,interleave2023_24.0_275d36e3f246990dccd094e5e1442ba9,SLURM_TIME_LIMIT,5100,0,2,0,136,137,0.9927007299270073
897938,interleave2023_24.0_38ca761a5808eace8bc8f1fcfdb5b5a8,SLURM_TIME_LIMIT,5100,6,362,0,57,101,0.5643564356435643
897946,interleave2023_24.0_4029fbae284eaf924b37b6f43d3a67fb,SLURM_TIME_LIMIT,5100,0,0,0,167,167,1.0
898034,interleave2023_24.0_8270ae50e6f2881136868db6d3a88eee,UNDEFINED/UNSAT,3621.906,5,38,10,126,134,0.9402985074626866
898044,interleave2023_24.0_8a7a61a63a718e4dc5aba5426b31c063,UNDEFINED/UNSAT,1903.352,5,5,0,5,8,0.625
898196,interleave2023_24.0_f35ed23733431177436a1e7797c07dfe,SAT,125.695,0,0,0,38,38,1.0
898200,interleave2023_24.0_f57aba96bfed8f8a8b860eba1a8f1ea5,SLURM_TIME_LIMIT,5100,0,1050,0,86,143,0.6013986013986014
897872,interleave2023_24.0_1a63072b90f88c7fa621b5041f412b79,UNDEFINED/UNSAT,781.286,4,1,0,7,8,0.875
898110,interleave2023_24.0_ae9b7950ef1513068bb9339893ec8c50,SLURM_TIME_LIMIT,5100,0,0,0,174,174,1.0
898147,interleave2023_24.0_cd86fbfd8b7e0d66ec5fe8fe85c014d3,SLURM_TIME_LIMIT,5100,1,343,0,110,147,0.7482993197278912
898026,interleave2023_24.0_79c109a8c1da53c6b636d3835f11a19d,UNDEFINED/UNSAT,440.366,22,355,103,2,12,0.16666666666666666
897932,interleave2023_24.0_36c342091848d5d6a1a8eeb3a8b49b86,SAT,5100,184,28,0,1,2,0.5
898134,interleave2023_24.0_c0069efa0c924e416878d9426f1ef92e,SAT,124.991,0,0,0,38,38,1.0
898189,interleave2023_24.0_eecdcc36d35f06224cc972cbb08de804,SAT,1197.646,0,0,0,115,115,1.0
898030,interleave2023_24.0_7dc81d3cb9066f8bc06ceffbca237572,SLURM_TIME_LIMIT,5100,0,1262,0,109,168,0.6488095238095238
897939,interleave2023_24.0_396245861b331d45e1345bd43fe352e2,SAT,712.018,4,1,0,6,8,0.75
898086,interleave2023_24.0_a18b6fbdfee43c007e07dedf15477797,SAT,3.353,0,0,0,3,3,1.0
898010,interleave2023_24.0_70ce0cff914efdc48f2a8fe86b5c68c6,SLURM_TIME_LIMIT,5100,0,897,0,112,169,0.6627218934911243
897864,interleave2023_24.0_18416a9ac0909dce5fa96345f784c87e,SLURM_TIME_LIMIT,5100,0,0,3900,147,147,1.0
898046,interleave2023_24.0_8b797110ff321ee673eab1542069f192,SLURM_TIME_LIMIT,5100,1129,834,25,64,118,0.5423728813559322
898035,interleave2023_24.0_828e1066a477e98e8d834528df3fc874,SLURM_TIME_LIMIT,5100,0,20,0,154,163,0.9447852760736196
897962,interleave2023_24.0_48539e7e4baae6db72cda7e8a9cecfa0,OUT_OF_MEMORY,5100,0,0,0,0,0,0
898107,interleave2023_24.0_ad69e0a0880cd377e26260f7e4bc6d51,OUT_OF_MEMORY,5100,0,0,0,0,0,0
897838,interleave2023_24.0_06b138e8a6da806e88ac7da2919cef30,UNDEFINED/UNSAT,2507.195,62,315,85,6,20,0.3
897829,interleave2023_24.0_0297c2a35f116ffd5382aea5b421e6df,UNDEFINED/UNSAT,9.67,0,1,0,17,18,0.9444444444444444
898149,interleave2023_24.0_ce49f590c98885f7ac95567f2b1e7dd5,SAT,2564.054,0,48,0,107,116,0.9224137931034483
898075,interleave2023_24.0_99d134de6323a845a2828596a48bbb1d,SLURM_TIME_LIMIT,5100,0,1880,0,108,163,0.6625766871165644
897991,interleave2023_24.0_63159b6b10c3d6832bd5944e05d78b11,SAT,5.905,0,0,0,3,3,1.0
898041,interleave2023_24.0_8751f8d1570611ba079dfd862b14c514,SAT,172.719,30,5,0,4,6,0.6666666666666666
898098,interleave2023_24.0_a8dc92a9c0434576b47c82c94ab5c446,UNDEFINED/UNSAT,425.211,2,273,24,37,70,0.5285714285714286
897849,interleave2023_24.0_0be1e12a8e7282d1a4e389bb90f6dbc7,SLURM_TIME_LIMIT,5100,0,16,0,153,158,0.9683544303797469
897892,interleave2023_24.0_246afd75cb97a21144f368c00252a656,UNDEFINED/UNSAT,3323.11,1,6,5,147,149,0.9865771812080537
897830,interleave2023_24.0_02c6fe8483e4f4474b7ac9731772535d,UNDEFINED/UNSAT,2749.163,17,0,0,8,11,0.7272727272727273
897902,interleave2023_24.0_28857e681fc6a9077d5a7d0e9c7a19ad,OUT_OF_MEMORY,5100,0,0,0,0,0,0
897919,interleave2023_24.0_303ba61141150f84b0d8b44839df59fd,SLURM_TIME_LIMIT,5100,0,0,0,203,203,1.0
897981,interleave2023_24.0_578b5e6a2f0b295168cb6c5420810a72,UNDEFINED/UNSAT,879.548,6,1099,2,51,93,0.5483870967741935
898069,interleave2023_24.0_965ca988015c9aee5a1a7b2136c1fe5d,SLURM_TIME_LIMIT,5100,0,0,0,171,171,1.0
898053,interleave2023_24.0_8db36208fc6ce43b4002cf048c549b3f,SLURM_TIME_LIMIT,5100,0,0,0,155,155,1.0
897949,interleave2023_24.0_41a8365f60db55b71d949df6954e0db7,SLURM_TIME_LIMIT,5100,0,0,0,174,174,1.0
897847,interleave2023_24.0_0a4ed112f2cdc0a524976a15d1821097,SLURM_TIME_LIMIT,5100,0,0,0,169,169,1.0
898176,interleave2023_24.0_deef4e5f8bf88393cea9589dff97d70c,SLURM_TIME_LIMIT,5100,1028,2416,9,35,92,0.3804347826086957
898162,interleave2023_24.0_d6402b482a5dc102a5b09360689e2be8,UNDEFINED/UNSAT,470.31,671,1398,241,5,46,0.10869565217391304
897930,interleave2023_24.0_361290e60ab2a8ea9dccfcff65bf0778,UNDEFINED/UNSAT,1034.529,5,0,0,2,3,0.6666666666666666
898195,interleave2023_24.0_f26f199564d6ffac7e700c2e66470ec0,SAT,3042.519,0,840,0,67,117,0.5726495726495726
898160,interleave2023_24.0_d5efaaee0197822c2676e45bac5068b2,SAT,1515.694,100,66,0,33,53,0.6226415094339622
897997,interleave2023_24.0_67a5b7ccde980b37576b993c79e176b0,OUT_OF_MEMORY,5100,0,0,0,0,0,0
898127,interleave2023_24.0_bc3a8bd47c5575c2f1b31882d28ee091,SLURM_TIME_LIMIT,5100,9,332,0,102,127,0.8031496062992126
898017,interleave2023_24.0_727cd7c528ac106f134cc882c9202108,SLURM_TIME_LIMIT,5100,128,317,3,21,46,0.45652173913043476
898117,interleave2023_24.0_b3840e295097a13e6697fff6be813eeb,SLURM_TIME_LIMIT,5100,0,1703,0,112,163,0.6871165644171779
898116,interleave2023_24.0_b2145c28dbed385329ea73a06d9c519a,SLURM_TIME_LIMIT,5100,0,0,0,174,174,1.0
898186,interleave2023_24.0_eca3692344e30ae83a49158b5baf3372,SAT,64.791,0,6,0,6,8,0.75
898059,interleave2023_24.0_911cbc796d15eb316d36c82c90fd7d11,SAT,5100,0,4,0,1,2,0.5
897820,interleave2023_24.0_00f2eb377986e7decbc863931680a3b2,UNDEFINED/UNSAT,19.894,20,111,3,3,7,0.42857142857142855
898047,interleave2023_24.0_8bcd3f3e269fa3c9516667b626d61602,SAT,519.526,0,344,0,29,51,0.5686274509803921
898071,interleave2023_24.0_96e01064ac3b644143278c21859e201f,SAT,265.787,0,67,0,28,41,0.6829268292682927
898082,interleave2023_24.0_9fe43145e48a0ef0096bb72531f1a0e3,SLURM_TIME_LIMIT,5100,1,327,0,88,104,0.8461538461538461
897857,interleave2023_24.0_11db226d109e82f93aaa3b2604173ff9,SLURM_TIME_LIMIT,5100,0,0,0,174,174,1.0
898170,interleave2023_24.0_da43a3ef0ef5d34143e765d480dedc7a,UNDEFINED/UNSAT,135.502,1,1,0,6,8,0.75
898089,interleave2023_24.0_a4941208671f6ebfd118e4e563538c31,SAT,346.773,0,0,0,70,70,1.0
897935,interleave2023_24.0_385a678ba820d79c6fb5f497adaf32ec,SLURM_TIME_LIMIT,5100,5,53,24,2,8,0.25
898064,interleave2023_24.0_93a87994c03a7752f85d863239555d48,SAT,85.358,9,57,8,1,6,0.16666666666666666
898204,interleave2023_24.0_faeb113864d97ea4cb3f01f95d2fe92f,SAT,6.286,0,0,0,3,3,1.0
898136,interleave2023_24.0_c1324a6876269ee93890e266fe214557,SAT,74.128,0,0,0,27,27,1.0
897984,interleave2023_24.0_587150fb7b12a6b5dd7e4a9446b9713b,SAT,5100,4,15,0,1,2,0.5
897831,interleave2023_24.0_0336f81b60baac5b8f481dd3c32861a5,SAT,50.916,19,14,0,13,17,0.7647058823529411
897945,interleave2023_24.0_3ff114cc7bee4f39fa56a0325e605c2d,UNDEFINED/UNSAT,361.302,2,298,1,24,54,0.4444444444444444
898029,interleave2023_24.0_7d58f2f0c79cbcad0496ced184ba0680,SLURM_TIME_LIMIT,5100,0,1036,0,88,141,0.624113475177305
897822,interleave2023_24.0_017ba03ed108f492c9293c7c95e5cae9,SLURM_TIME_LIMIT,5100,7,393,42,53,106,0.5
897876,interleave2023_24.0_1b86f59ce4c43f19f0ad1238f8c362b4,SAT,353.966,11,499,9,7,20,0.35
897951,interleave2023_24.0_4282ea42fd414bfd2c4bf81fe8a43e24,UNDEFINED/UNSAT,43.898,0,0,0,3,3,1.0
897873,interleave2023_24.0_1a6a635f5b959e191ec705b2f236568a,UNDEFINED/UNSAT,195.295,369,0,0,2,3,0.6666666666666666
898013,interleave2023_24.0_71758ed7637888d4fd4593ec820677bc,SAT,6.258,0,0,0,3,3,1.0
898151,interleave2023_24.0_cfc53adcc8ed18ca161bb6f8bc02b237,UNDEFINED/UNSAT,338.398,6,0,0,6,8,0.75
897869,interleave2023_24.0_19c6a29181bee2f3aa03bfb5c5d693d0,UNDEFINED/UNSAT,1498.242,0,107,0,51,80,0.6375
897894,interleave2023_24.0_24bf910d2b9da558fb3e71a4dbe79ba3,SAT,6.97,8,0,0,2,3,0.6666666666666666
898115,interleave2023_24.0_b157aeb75aec9158fed9e16d7fd2da57,SLURM_TIME_LIMIT,5100,638,1842,14,37,97,0.38144329896907214
898021,interleave2023_24.0_751402d0738e5622b599c651283cb48a,SAT,71.854,0,0,0,27,27,1.0
897881,interleave2023_24.0_1eea3d913d346b900252d77fc0cb25c8,SLURM_TIME_LIMIT,5100,1,1615,0,68,106,0.6415094339622641
898076,interleave2023_24.0_9a413c250f82a93d513d4092ba654ee2,UNDEFINED/UNSAT,332.437,1,2,0,6,8,0.75
898024,interleave2023_24.0_78d23f235b63b1b7f08eb1b6cfb03f34,SLURM_TIME_LIMIT,5100,0,398,0,109,138,0.7898550724637681
898193,interleave2023_24.0_f090d0d6eaff3b92c817f5db6fa47544,SLURM_TIME_LIMIT,5100,0,929,0,131,163,0.803680981595092
898060,interleave2023_24.0_91b88d172a08e2a57c189bddff51bfd5,SLURM_TIME_LIMIT,5100,8,346,0,102,121,0.8429752066115702
898155,interleave2023_24.0_d1a62a8688c6c4fabd0dec3770ce40dd,SAT,20.807,0,2,0,5,6,0.8333333333333334
898066,interleave2023_24.0_953e9ff735bdf5ada27b0ab2b908b6af,UNDEFINED/UNSAT,1723.799,0,82,4,88,107,0.822429906542056
898040,interleave2023_24.0_85240babab8083e1b381e2971d875ab8,UNDEFINED/UNSAT,1825.776,6,1,0,6,8,0.75
897957,interleave2023_24.0_44ad104c3b0c83b4cfc260583dee2397,SAT,91.507,8,40,0,3,6,0.5
898128,interleave2023_24.0_bc7dc7a83b442a2bf4cf8cae3f0e0faa,OUT_OF_MEMORY,5100,0,0,0,0,0,0
897970,interleave2023_24.0_4fdcf4248a332c1c9a89d37439c879a9,SLURM_TIME_LIMIT,5100,0,20,0,153,158,0.9683544303797469
897964,interleave2023_24.0_4989239fbeb6eb40fc0b664d9ba92636,UNDEFINED/UNSAT,338.582,3,2,0,6,8,0.75
898202,interleave2023_24.0_f959755d7c68ea8b64d900e589fbe21f,SAT,1650.479,464,190,11,12,28,0.42857142857142855
897936,interleave2023_24.0_385e2c7010a419a9bd47b9258c9d2903,SLURM_TIME_LIMIT,5100,0,0,0,223,223,1.0
898144,interleave2023_24.0_cbd0933002d6c4ea99ceb47bb0c3f4c9,SAT,2964.136,0,1377,4,52,91,0.5714285714285714
897928,interleave2023_24.0_358fa8d20aa467c7e9b9bf34f73d1dc9,SAT,27.951,0,16,0,2,3,0.6666666666666666
897927,interleave2023_24.0_34e5fd58b65bf305cc773f0dbfb47917,SLURM_TIME_LIMIT,5100,0,6792,8,83,153,0.5424836601307189
897905,interleave2023_24.0_2902c241b2196f5fd914509fdc124ba7,SLURM_TIME_LIMIT,5100,0,0,0,167,167,1.0
897990,interleave2023_24.0_62c763bdf8d351b15df3a4d62a03eba0,SAT,116.334,0,0,0,3,3,1.0
897999,interleave2023_24.0_68649ac2830edad5d0dc7e3d13935132,SAT,75.091,0,0,0,27,27,1.0
898003,interleave2023_24.0_6d67f76f114db9801952ed155e745e16,SLURM_TIME_LIMIT,5100,3,432,0,103,128,0.8046875
897956,interleave2023_24.0_44092fcc83a5cba81419e82cfd18602c,UNDEFINED/UNSAT,8.274,1,5,0,12,14,0.8571428571428571
898022,interleave2023_24.0_751afd7ddf8f242ed7bd93517ba82149,SLURM_TIME_LIMIT,5100,3,286,0,102,147,0.6938775510204082
898212,interleave2023_24.0_fee70cede2b5b55bfbdb6e48fbe7ce4f,SAT,250.459,10,34,11,3,6,0.5
897978,interleave2023_24.0_558113ad4d50130351db8c426230a50f,UNDEFINED/UNSAT,772.704,2,3,0,6,8,0.75
898037,interleave2023_24.0_835ac60ca83af6f334b64b61c4ad345b,SLURM_TIME_LIMIT,5100,0,0,0,233,233,1.0
897923,interleave2023_24.0_339b1cfda231aaca601cd6339c07ca2c,OUT_OF_MEMORY,5100,0,0,0,0,0,0
898183,interleave2023_24.0_e966bddd11e46b735f8520f8304e368e,SAT,1412.742,100,32,0,32,51,0.6274509803921569
898165,interleave2023_24.0_d84a89fb1bc1ff37dc4737867257b290,SAT,6.734,0,0,0,3,3,1.0
897898,interleave2023_24.0_262009b8df6350761c7dfc8761f0af79,SLURM_TIME_LIMIT,5100,0,20591,423,27,141,0.19148936170212766
897986,interleave2023_24.0_5a72cb588bcda7b1b54a1eac6b19ab2e,OUT_OF_MEMORY,5100,0,0,0,0,0,0
898206,interleave2023_24.0_fd1fbc1b090c14746a883b3a17259743,UNDEFINED/UNSAT,264.522,314,22,0,3,6,0.5
898078,interleave2023_24.0_9de6ddddf7fde06bf2efd955e2bd1a83,SAT,75.839,0,0,0,27,27,1.0
897856,interleave2023_24.0_1153a473e1d5dd21ccd33189d594a4aa,SLURM_TIME_LIMIT,5100,0,0,0,168,168,1.0
897850,interleave2023_24.0_0c9da400944b002f90fd385d4fdab385,SAT,39.645,0,0,0,3,3,1.0
898063,interleave2023_24.0_92d6795785d35d1dcc42b15dc0e933d0,UNDEFINED/UNSAT,3.841,1,72,0,2,3,0.6666666666666666
898096,interleave2023_24.0_a811388cc92def6ef2d639dc062d456c,SAT,103.919,241,218,14,13,30,0.43333333333333335
898007,interleave2023_24.0_6e9cae5108bd423666c73aaace197769,SAT,56.743,0,20,0,9,13,0.6923076923076923
897865,interleave2023_24.0_189e5991b041a89700513106988e720d,SLURM_TIME_LIMIT,5100,0,0,0,174,174,1.0
897941,interleave2023_24.0_3cff6c97a515aecfe46ba0f1256a3c11,SAT,14.343,29,35,0,4,6,0.6666666666666666
897966,interleave2023_24.0_4d2f74ef97b6d40ebd71f85dcb75c543,SLURM_TIME_LIMIT,5100,0,0,0,258,258,1.0
898103,interleave2023_24.0_aa0d6b8c63f57956b9aed350f38e0571,SLURM_TIME_LIMIT,5100,0,0,0,162,162,1.0
898158,interleave2023_24.0_d3daba681653ea969bedf0c4a2fdb947,UNDEFINED/UNSAT,591.452,1,155,13,73,89,0.8202247191011236
897980,interleave2023_24.0_571a2f223784fb92a53b4cc8cc8b569e,UNDEFINED/UNSAT,2.57,3,11,20,4,6,0.6666666666666666
898067,interleave2023_24.0_9631e4082abf03e560b889c5715d3979,SAT,449.47,16,376,0,5,17,0.29411764705882354
897825,interleave2023_24.0_01bd0865ab694bc71d80b7d285d5777d,SLURM_TIME_LIMIT,5100,0,0,0,0,0,0
897828,interleave2023_24.0_028d0cc7af63e9bba5795f20e24db4f6,SAT,104.065,1479,1,0,2,3,0.6666666666666666
898090,interleave2023_24.0_a4b05fbc5be28207b704e1fae4b7c8a0,SLURM_TIME_LIMIT,5100,0,0,0,171,171,1.0
898113,interleave2023_24.0_af5838e83024d2dee3942be8d8e35fec,SLURM_TIME_LIMIT,5100,0,1001,0,108,171,0.631578947368421
897910,interleave2023_24.0_2a144840047376cee3b7b99455158976,UNDEFINED/UNSAT,48.566,193,18,0,4,8,0.5
898084,interleave2023_24.0_a0c7aea176b5a2b65c27c8af7039326b,UNDEFINED/UNSAT,5018.423,62,381,257,9,29,0.3103448275862069
897998,interleave2023_24.0_685d37e93ba26197925353e58026ae10,OUT_OF_MEMORY,5100,0,0,0,0,0,0
898005,interleave2023_24.0_6e31e88a5dadaa3876eb5ff4293134c2,OUT_OF_MEMORY,5100,0,0,0,0,0,0
897944,interleave2023_24.0_3f4174289e971950c290f27892169bc5,SLURM_TIME_LIMIT,5100,1,24425,1494,25,138,0.18115942028985507
898062,interleave2023_24.0_92c17c00d862668de6e6c45d4eecdc75,SAT,2.879,18,1,0,2,3,0.6666666666666666
897890,interleave2023_24.0_22d0a2fdc65d884c2bbde56af9feba4a,SLURM_TIME_LIMIT,5100,1,16563,147,44,139,0.31654676258992803
897920,interleave2023_24.0_30e680ded3b9be6be0b5baac273f2646,UNDEFINED/UNSAT,321.117,2,6,0,6,8,0.75
898148,interleave2023_24.0_cdd131110acc861a5a01fae6c4936c91,SLURM_TIME_LIMIT,5100,0,0,0,73,73,1.0
897931,interleave2023_24.0_3663000b31a5c80922afc6e48322accb,UNDEFINED/UNSAT,1.716,8,0,0,2,3,0.6666666666666666
898050,interleave2023_24.0_8cfc8e99d31bcaf18ff3360b08c8521c,SLURM_TIME_LIMIT,5100,0,0,0,0,0,0
898045,interleave2023_24.0_8ade10da9731ce31d103c1687ff40a3d,SAT,14.289,0,4,0,2,3,0.6666666666666666
898000,interleave2023_24.0_6aacae96461cb65176942b6dc88ea470,SLURM_TIME_LIMIT,5100,1,322,0,112,147,0.7619047619047619
897934,interleave2023_24.0_37d40a1092b58ad28285b9453872d211,SLURM_TIME_LIMIT,5100,0,0,0,171,171,1.0
898172,interleave2023_24.0_dbe18c99e95ac42816b99b96d36a8732,SLURM_TIME_LIMIT,5100,9,94,14,3,10,0.3
897891,interleave2023_24.0_23c4e178c94c0dff82ea6c87abed7ecc,SLURM_TIME_LIMIT,5100,0,0,0,138,138,1.0
897989,interleave2023_24.0_5f6861053fb4ed4fc0b997cd6b505ef4,SLURM_TIME_LIMIT,5100,0,0,0,48,48,1.0
897988,interleave2023_24.0_5dc5185101e1d439d14f0a04acfa9bfb,SLURM_TIME_LIMIT,5100,1,400,0,110,134,0.8208955223880597
897924,interleave2023_24.0_33bcf82677b7fdacf18dd48892596a1d,SAT,810.575,51,7,0,17,27,0.6296296296296297
898210,interleave2023_24.0_fe19a31b76cbba5901e16ce36c7578ed,ERROR: Message:  [36mFound strong backdoor?!..[0m
,5100,0,0,0,0,0,0
898180,interleave2023_24.0_e51a98d78f61103e0672579e87cfd7e5,UNDEFINED/UNSAT,1151.757,5,0,0,2,3,0.6666666666666666
898039,interleave2023_24.0_8403d03df1ce64af3bf7581449d320fb,SAT,10.088,0,3,0,2,3,0.6666666666666666
898121,interleave2023_24.0_b6c44ccb3174b7f0a69185b11de86cfa,SLURM_TIME_LIMIT,5100,107,297,174,11,30,0.36666666666666664
898161,interleave2023_24.0_d60f56735dc8e89d7d91a01f4340df0c,SLURM_TIME_LIMIT,5100,94,182,91,12,28,0.42857142857142855
897871,interleave2023_24.0_1a40d2d8c589799a0d267cae03fcd4c5,SAT,6.394,0,0,0,3,3,1.0
898114,interleave2023_24.0_b09585f2346c207e9e14a3daf0de46cf,UNDEFINED/UNSAT,2481.618,2,29,3,141,144,0.9791666666666666
898131,interleave2023_24.0_bd0b055b890a9ace598a0c4aba40de30,SLURM_TIME_LIMIT,5100,0,0,0,0,0,0
897827,interleave2023_24.0_02066c116dbacc40ec5cca2067db26c0,UNDEFINED/UNSAT,20.77,72,127,11,4,9,0.4444444444444444
897870,interleave2023_24.0_1a20649a8c79d6675d934cec271d573f,SLURM_TIME_LIMIT,5100,0,0,0,163,163,1.0
897940,interleave2023_24.0_3a7a64e1d6cf5ce969b2b05b5464f707,SAT,362.21,12,420,2,7,17,0.4117647058823529
898174,interleave2023_24.0_dd6ef995af0267ce71076250a1226801,SLURM_TIME_LIMIT,5100,1,25898,0,56,142,0.39436619718309857
898032,interleave2023_24.0_824c21545e228872744675ae4ee32976,SLURM_TIME_LIMIT,5100,0,0,0,174,174,1.0
897836,interleave2023_24.0_03de316ba1e90305471a3b8620cb9cd7,SAT,5100,0,0,0,2,2,1.0
898213,interleave2023_24.0_ff5170c690129f8c94658e82b6aab05c,SLURM_TIME_LIMIT,5100,0,0,0,255,255,1.0
897915,interleave2023_24.0_2d0c041c0fe72dc32527bfbf34f63e61,SLURM_TIME_LIMIT,5100,0,0,0,118,118,1.0
897914,interleave2023_24.0_2c9dc96b7a8b0410e64dd33f7e00a0c1,SLURM_TIME_LIMIT,5100,1,432,0,111,140,0.7928571428571428
898135,interleave2023_24.0_c115ebeec47bb82fa7f9850a632ec94a,SAT,15.009,0,3,0,2,3,0.6666666666666666
897993,interleave2023_24.0_6549f23728c52d5319f30371ff709622,OUT_OF_MEMORY,5100,0,0,0,0,0,0
898097,interleave2023_24.0_a83665715cf54e10f6d5382b97fd909c,OUT_OF_MEMORY,5100,0,0,0,0,0,0
898141,interleave2023_24.0_c9af5b23c87350f5d817acc9ca7b69bb,SLURM_TIME_LIMIT,5100,0,0,0,171,171,1.0
898124,interleave2023_24.0_bab57c8799cb05c8c1757c60d4ebdefd,UNDEFINED/UNSAT,1941.738,5,1,0,6,8,0.75
898038,interleave2023_24.0_83cf6bfa7945b54e8c4ac659d1a4359e,SAT,560.63,70,13,0,14,22,0.6363636363636364
898068,interleave2023_24.0_964162c1faee2c1e3a4dfa4f9c75c34f,SLURM_TIME_LIMIT,5100,0,1816,0,105,161,0.6521739130434783
898101,interleave2023_24.0_a98d77ba9d3fbe8b7c55cbf75b2b43a8,SLURM_TIME_LIMIT,5100,0,960,0,89,144,0.6180555555555556
898031,interleave2023_24.0_81d2158d506ea1049708837460b9387e,UNDEFINED/UNSAT,1769.756,0,22,18,103,110,0.9363636363636364
897880,interleave2023_24.0_1ea7fe95e6158afe11f7b795b9aac939,OUT_OF_MEMORY,5100,0,0,0,0,0,0
897858,interleave2023_24.0_14a5ff0d6213dcfe182ec656764bbdfb,UNDEFINED/UNSAT,1126.003,5,0,0,2,3,0.6666666666666666
898112,interleave2023_24.0_af3d5273605b21b9d4c56dd46cbf366a,SAT,3.212,0,0,0,3,3,1.0
897885,interleave2023_24.0_20cae5fe475d571da703f89d5da4bb8f,UNDEFINED/UNSAT,698.5409999999999,43,120,112,5,12,0.4166666666666667
898173,interleave2023_24.0_dd169198070f9aa35015de65e8209a05,SLURM_TIME_LIMIT,5100,0,0,1,171,171,1.0
898129,interleave2023_24.0_bca01a49805df3399a0438191019e417,SAT,6.31,0,0,0,3,3,1.0
897893,interleave2023_24.0_24b93d0bf941e4b050c9109e4cb7faf4,SAT,5100,0,12,0,1,2,0.5
898177,interleave2023_24.0_df237594dc22b8f7cad2c4b38a23e40c,SLURM_TIME_LIMIT,5100,10,358,0,88,108,0.8148148148148148
898027,interleave2023_24.0_7aaf3275cbe217044ef305f0a1ca8eb5,SLURM_TIME_LIMIT,5100,0,0,0,169,169,1.0
898188,interleave2023_24.0_eec821f866557886a5b0352332943fa2,SAT,75.02,0,0,0,27,27,1.0
897837,interleave2023_24.0_03e9d1abe418a1727bbf2ead77d69d02,SLURM_TIME_LIMIT,5100,0,1437,0,114,163,0.6993865030674846
898211,interleave2023_24.0_fe8b1ef742724947620a419d0180a640,UNDEFINED/UNSAT,1216.357,2,293,0,76,107,0.7102803738317757
898163,interleave2023_24.0_d66ab8bce1b8979dbd26b3c220e817be,OUT_OF_MEMORY,5100,0,0,0,0,0,0
898157,interleave2023_24.0_d3529338d35aa27e8024932d3b5f64b5,SAT,239.23,12,271,6,6,17,0.35294117647058826
897823,interleave2023_24.0_0191a0bf3412ed407ba669f8d69081ee,SAT,66.901,81,98,1,10,17,0.5882352941176471
898201,interleave2023_24.0_f88afbcd8b4c29a8c1b3518caa4e949c,SLURM_TIME_LIMIT,5100,0,4,2,182,182,1.0
897860,interleave2023_24.0_15a2ec07aaca45d454a2fbfc0624e75e,OUT_OF_MEMORY,5100,0,0,0,0,0,0
898106,interleave2023_24.0_accf33a84bdf211bebbd2111fb7f6b91,SAT,50.508,0,0,0,3,3,1.0
897909,interleave2023_24.0_29e101b66dfddb440e974b9feec5b1aa,UNDEFINED/UNSAT,459.372,3,15,0,2,3,0.6666666666666666
898006,interleave2023_24.0_6e5efd19744842d1fa5415173bffbf6b,SLURM_TIME_LIMIT,5100,0,0,0,43,43,1.0
898166,interleave2023_24.0_d89718e39ff99638c2882b47988120cd,SAT,60.322,0,4,0,6,8,0.75
898077,interleave2023_24.0_9c7043290cee8127c3626d8067759267,UNDEFINED/UNSAT,1033.043,1,289,24,61,94,0.648936170212766
897875,interleave2023_24.0_1b02025658c2a23e1fd3ce0a9c3633cb,SAT,675.776,3,0,0,7,8,0.875
897907,interleave2023_24.0_29505dfcf090c4cfdfb59268160be81d,OUT_OF_MEMORY,5100,0,0,0,0,0,0
898100,interleave2023_24.0_a931fb0e1490883ee7719eab96ed558a,OUT_OF_MEMORY,5100,7,0,0,1,2,0.5
898198,interleave2023_24.0_f448874997bae64bd455fb00309dc738,SAT,271.79,4,11,0,6,8,0.75
898079,interleave2023_24.0_9e18c079efdc17ceade5c7a330b507d2,SAT,699.393,59,23,0,18,30,0.6
898122,interleave2023_24.0_b6c6f1081dbb672e8294685d03326b09,SLURM_TIME_LIMIT,5100,0,6322,0,80,148,0.5405405405405406
898168,interleave2023_24.0_d8f131a86243ef138af39abf52a479e5,SAT,424.327,50,13,0,12,19,0.631578947368421
898197,interleave2023_24.0_f4064d73fd6e69caf154046e61fea7b8,SLURM_TIME_LIMIT,5100,0,0,0,174,174,1.0
897851,interleave2023_24.0_0d3e99a07b6a6b67ac59d706c0af9d68,SLURM_TIME_LIMIT,5100,18,90,45,2,11,0.18181818181818182
898185,interleave2023_24.0_eaf2f0803dd2045f1b189ee834ef0c8f,SLURM_TIME_LIMIT,5100,0,0,0,163,163,1.0
898119,interleave2023_24.0_b5b1803491a265b02d595c1fb62d5991,SLURM_TIME_LIMIT,5100,0,0,49,161,161,1.0
898184,interleave2023_24.0_ea5b47b3ffb3b8cb77a2cff83cc1ffba,OUT_OF_MEMORY,5100,0,0,0,0,0,0
898209,interleave2023_24.0_fdfcd52a21824b7181d66672f283ba04,SAT,12.76,45,11,0,2,3,0.6666666666666666
898108,interleave2023_24.0_ae7e391be73431e5dddf2bbafe95758a,UNDEFINED/UNSAT,1048.438,0,112,6,71,94,0.7553191489361702
898132,interleave2023_24.0_bdc85226a8d910a8b7d6a8730c7a4572,SAT,49.361,9,0,0,2,3,0.6666666666666666
898118,interleave2023_24.0_b44611ea7852dd30215cc1cb09e1ab79,SAT,145.385,10,134,2,3,9,0.3333333333333333
898073,interleave2023_24.0_9811b95bfd5888014d27e6dd384ff502,UNDEFINED/UNSAT,360.108,11,465,13,24,55,0.43636363636363634
897861,interleave2023_24.0_15c53f73c62a78c24bf5974e4a7afcd8,SLURM_TIME_LIMIT,5100,6,341,0,84,99,0.8484848484848485
898181,interleave2023_24.0_e5a72ac8f4880702a4deacc7854318e8,OUT_OF_MEMORY,5100,0,0,0,0,0,0
897968,interleave2023_24.0_4f38f4b005cc54122135c8c21aec4b85,SLURM_TIME_LIMIT,5100,139,2127,264,87,157,0.554140127388535
897960,interleave2023_24.0_4611cd26b441b8c5866e4a2c5a7952dc,SLURM_TIME_LIMIT,5100,0,85,0,124,142,0.8732394366197183
898105,interleave2023_24.0_abe802007c9aed4eab2e758fb130174b,UNDEFINED/UNSAT,1593.327,5,588,10,21,69,0.30434782608695654
897921,interleave2023_24.0_323223c497a22051f5a3ef508ccbaa7c,SAT,1137.99,57,49,0,27,43,0.627906976744186
897943,interleave2023_24.0_3f341c57c37d86350af5233b8e15e52e,SLURM_TIME_LIMIT,5100,19,360,0,98,118,0.8305084745762712
898094,interleave2023_24.0_a7a9ca7e06b6b1e979950ea96183d07d,UNDEFINED/UNSAT,4782.428,311,7143,1,22,76,0.2894736842105263
897937,interleave2023_24.0_38833d6a1ff6a56ef22bd2dc1e3fdde7,SAT,1038.254,0,0,1,95,95,1.0
898187,interleave2023_24.0_ed76b075cdf07435c6e4f6203dd10cb7,SAT,361.289,0,0,0,70,70,1.0
897879,interleave2023_24.0_1d42a7c3616ce163e292340cfcd34f97,OUT_OF_MEMORY,5100,0,0,0,0,0,0
897853,interleave2023_24.0_0ef0d91d378eab41ba6fb9dfc9b87fc8,SLURM_TIME_LIMIT,5100,0,0,0,0,0,0
897974,interleave2023_24.0_52be8740aab896317320cd44a5d2af2f,SLURM_TIME_LIMIT,5100,0,0,0,161,161,1.0
898154,interleave2023_24.0_d17aa530bbd09452b0f32daf4ab9c8f0,SLURM_TIME_LIMIT,5100,0,2,0,165,166,0.9939759036144579
897841,interleave2023_24.0_08455b2e1e6fda910989f0481a20f1c3,OUT_OF_MEMORY,5100,0,0,0,0,0,0
898109,interleave2023_24.0_ae9522ea003ea9f75891b2d37a5e264b,SAT,1.566,0,0,0,3,3,1.0
897982,interleave2023_24.0_578f9377bfbfcc6ea3a18eb630667956,SAT,1.798,19,0,0,2,3,0.6666666666666666
898207,interleave2023_24.0_fd2af7622798171f23a4b8d2616df55e,SLURM_TIME_LIMIT,5100,0,0,0,177,177,1.0
898008,interleave2023_24.0_705f6075b27775e03daf6e8d781cb953,SLURM_TIME_LIMIT,5100,0,0,0,0,0,0
898015,interleave2023_24.0_71cf538aa0751d27f144de9c8d82e458,SLURM_TIME_LIMIT,5100,0,1207,0,119,183,0.6502732240437158
897874,interleave2023_24.0_1aa7cd96ab1f7bf58984deccf8362ab4,UNDEFINED/UNSAT,25.125,13,131,19,2,6,0.3333333333333333
898164,interleave2023_24.0_d7f381cd99ca40ba3324c8cc03a54269,UNDEFINED/UNSAT,243.195,0,196,0,46,62,0.7419354838709677
897840,interleave2023_24.0_0811f761eee5e4ef28196fd98884a67b,UNDEFINED/UNSAT,4176.712,14,372,9,43,93,0.46236559139784944
898099,interleave2023_24.0_a8dcaf436bda091dad9ca1ff58de7287,UNDEFINED/UNSAT,758.94,3,4,0,6,8,0.75
897958,interleave2023_24.0_44b249f51321a2bf38f730534b781bec,SAT,5100,0,0,0,2,2,1.0
897843,interleave2023_24.0_0945c95ba9b82c32d12fc9d9e5229c5a,SLURM_TIME_LIMIT,5100,118,105,1,60,99,0.6060606060606061
897913,interleave2023_24.0_2b7e863462991fd008f9898eca63ebf4,SAT,132.606,12,1,0,3,6,0.5
898083,interleave2023_24.0_a09a2d7397732447bdcc9651973767b7,SLURM_TIME_LIMIT,5100,0,788,0,73,130,0.5615384615384615
897971,interleave2023_24.0_4fe42891b004d7425631a8edb4252d3f,SLURM_TIME_LIMIT,5100,5,320,0,101,126,0.8015873015873016
898042,interleave2023_24.0_87ec32f70c5e3a279e636f7f62e70a19,SLURM_TIME_LIMIT,5100,2,335,0,101,150,0.6733333333333333
898018,interleave2023_24.0_72b5ad031bf852634bc081f9da9a5a60,UNDEFINED/UNSAT,2775.811,2,12,1,144,146,0.9863013698630136
898074,interleave2023_24.0_98c6da979a0a22d384d465a1da17111e,OUT_OF_MEMORY,5100,0,0,0,0,0,0
898171,interleave2023_24.0_db4a0d4ba26c46d66ad6cdcb0645a4d9,UNDEFINED/UNSAT,559.86,2,204,26,29,65,0.4461538461538462
897926,interleave2023_24.0_3498eea73b78ddc444cbee48b121c541,SLURM_TIME_LIMIT,5100,5,32,2,4,8,0.5
898205,interleave2023_24.0_fb5d0254bc4b8d258eb84ea1dbcdda13,SLURM_TIME_LIMIT,5100,2,302,0,115,155,0.7419354838709677
897922,interleave2023_24.0_328da7966b09b2f6e99c93c4e877fbff,SLURM_TIME_LIMIT,5100,0,0,0,126,126,1.0
898142,interleave2023_24.0_c9f7ca549a6773bea4628e2c66f597c6,SAT,111.137,0,19,0,13,18,0.7222222222222222
897908,interleave2023_24.0_29bab0de14e56e526be9683131005cb2,SAT,1929.948,0,110,2,71,94,0.7553191489361702
898049,interleave2023_24.0_8cf6b81061285343c4f33c51afdb3fbb,UNDEFINED/UNSAT,1541.942,6,630,69,30,69,0.43478260869565216
897955,interleave2023_24.0_4408f30395fb799e01b34b0dc7ee1d62,SLURM_TIME_LIMIT,5100,0,0,0,169,169,1.0
897904,interleave2023_24.0_28f29fe949422ec88892e18073de065c,UNDEFINED/UNSAT,8.942,0,32,0,4,6,0.6666666666666666
897925,interleave2023_24.0_33cfa309d10e1d4fe30f1302807f42ce,SAT,290.141,46,13,0,7,11,0.6363636363636364
898061,interleave2023_24.0_92387c29e87aa857e84feb301f3d6aff,SAT,13.664,0,11,0,7,9,0.7777777777777778
897835,interleave2023_24.0_03a43a7ea55217f53542ed3f029963af,SLURM_TIME_LIMIT,5100,8,2066,3,88,146,0.6027397260273972
897887,interleave2023_24.0_21667cf04beae213adbab0d48408a7e4,UNDEFINED/UNSAT,1251.795,5,0,0,2,3,0.6666666666666666
897976,interleave2023_24.0_5437ba8972228ea5531a69a9aa064acc,UNDEFINED/UNSAT,1999.839,5,15,0,5,8,0.625
898085,interleave2023_24.0_a1276d5dcb822aa03806df58fa9ca1c8,UNDEFINED/UNSAT,1080.155,64,494,120,4,15,0.26666666666666666
897996,interleave2023_24.0_67904554c73addf89fe675bd8e494641,SLURM_TIME_LIMIT,5100,0,2316,0,97,157,0.6178343949044586
897959,interleave2023_24.0_45faf223af97fe9177daa3ad4002cf2f,OUT_OF_MEMORY,5100,0,0,0,0,0,0
897818,interleave2023_24.0_00b46ace235e3915a439c77a231a5657,SLURM_TIME_LIMIT,5100,0,735,0,77,129,0.5968992248062015
898087,interleave2023_24.0_a292411f3f563a47c05a78f8295163dc,OUT_OF_MEMORY,5100,0,0,0,0,0,0
898175,interleave2023_24.0_ddd3b43476c18cf483aac233d4dc1c68,SAT,27.748,9,0,0,2,3,0.6666666666666666
898093,interleave2023_24.0_a6d7268b35eec18656a85ad91b0413e9,UNDEFINED/UNSAT,297.494,34,1029,14,30,68,0.4411764705882353
897855,interleave2023_24.0_112b0ac22b2a567cd3badfed3a5497fd,UNDEFINED/UNSAT,86.492,1,175,0,29,43,0.6744186046511628
897994,interleave2023_24.0_65b1e2253626af4a72b954f8186a5880,OUT_OF_MEMORY,5100,0,0,0,0,0,0
898125,interleave2023_24.0_bb8042839130ce5597c358c1955706ff,OUT_OF_MEMORY,5100,0,0,0,0,0,0
897992,interleave2023_24.0_644fd765d26bd4a380922ccd0f594c58,SLURM_TIME_LIMIT,5100,0,266,0,117,150,0.78
897918,interleave2023_24.0_2f219dfa21d996e1834aa247f934f304,UNDEFINED/UNSAT,4944.096,106,182,113,10,23,0.43478260869565216
897878,interleave2023_24.0_1d1af993697599892804df5878d58979,SAT,29.553,0,3,0,2,3,0.6666666666666666
898028,interleave2023_24.0_7b4622a3ab523264378a560199de47ed,UNDEFINED/UNSAT,360.913,4,278,57,55,78,0.7051282051282052
898080,interleave2023_24.0_9e7f2b92c6e46d03ddcafd798aa80cb6,OUT_OF_MEMORY,5100,0,0,0,0,0,0
898052,interleave2023_24.0_8d458780fb74c28c01a5fe89990ad521,UNDEFINED/UNSAT,27.847,2,103,4,14,22,0.6363636363636364
898065,interleave2023_24.0_945d67baeb7860df648ab6ef4782d5ed,SAT,83.85300000000001,0,106,0,15,27,0.5555555555555556
898019,interleave2023_24.0_73063c6257a4ffc29f5bea7028403a64,SAT,298.315,0,10,0,63,69,0.9130434782608695
897942,interleave2023_24.0_3e7dc7350195104b76b7d03ab5b0af8f,SLURM_TIME_LIMIT,5100,128,121,0,54,90,0.6
898054,interleave2023_24.0_8e30bfdb721ca0a20031c79a76f9aa7c,UNDEFINED/UNSAT,1956.55,5,2,0,6,8,0.75
898123,interleave2023_24.0_b86f2425cafeb1239d65bd529e372e02,SLURM_TIME_LIMIT,5100,0,0,0,163,163,1.0
898036,interleave2023_24.0_82fe0a5b2467d6e5299c315da8b16ec5,SAT,15.394,0,6,0,2,3,0.6666666666666666
897975,interleave2023_24.0_53799aafcd0c684a2adc79400bd35f82,UNDEFINED/UNSAT,919.173,5,0,0,2,3,0.6666666666666666
897916,interleave2023_24.0_2e808d215e4155379a847b146ef38b34,SLURM_TIME_LIMIT,5100,15,68,10,5,11,0.45454545454545453
898091,interleave2023_24.0_a552a058e6376a36b1f1b2724f228364,UNDEFINED/UNSAT,1184.113,102,842,510,9,46,0.1956521739130435
898020,interleave2023_24.0_74931e82fd208ed949fa44bccd80df6b,SAT,48.416,0,0,0,3,3,1.0
898153,interleave2023_24.0_d0fe6bf914469ca51675bac9078a2c0b,SAT,637.048,4,1,0,6,8,0.75
897834,interleave2023_24.0_037d21e060a2e3eab8b080aa84ceee75,SAT,74.743,3,102,22,5,14,0.35714285714285715
897816,interleave2023_24.0_008e7716c69009090ff6bd0048dc55f8,UNDEFINED/UNSAT,757.369,0,5331,0,15,39,0.38461538461538464
897867,interleave2023_24.0_19004c7d629f7e6e83c6e1d7a9a768a9,UNDEFINED/UNSAT,23.358,9,73,4,3,9,0.3333333333333333
897952,interleave2023_24.0_428da12ab8f5f68ae261e6468c2fef73,SLURM_TIME_LIMIT,5100,0,783,0,82,131,0.6259541984732825
897848,interleave2023_24.0_0ae0c5a4fb9001d63669a0aa5b592167,SLURM_TIME_LIMIT,5100,5,282,1,48,94,0.5106382978723404
898133,interleave2023_24.0_be5c82b97513a31e0b3bcc1c231018ad,UNDEFINED/UNSAT,342.828,1,5,2,5,8,0.625
897911,interleave2023_24.0_2a4680a801ad32ab8768030250daf0c8,SLURM_TIME_LIMIT,5100,0,93,0,141,158,0.8924050632911392
897854,interleave2023_24.0_10196804504080e7107809a2e5b3bfcc,SAT,266.741,1359,488,1,7,15,0.4666666666666667
897995,interleave2023_24.0_670a24d73dbadd3073e9604c6ef903d1,SLURM_TIME_LIMIT,5100,0,0,0,93,93,1.0
898130,interleave2023_24.0_bcd753d08904860fa93a794557185e04,SLURM_TIME_LIMIT,5100,157,109,0,53,88,0.6022727272727273
898011,interleave2023_24.0_711ff7681711949f44b07a0d530dc729,UNDEFINED/UNSAT,737.704,2,7,0,6,8,0.75
897912,interleave2023_24.0_2b3de92685792ae19e4549b5c4571e27,UNDEFINED/UNSAT,2961.331,43261,34,1,3,6,0.5
898169,interleave2023_24.0_d8fa4265b93d0931ba6484e3cc0d7ab1,UNDEFINED/UNSAT,1084.257,0,368,0,56,88,0.6363636363636364
897832,interleave2023_24.0_036b541db9d0839b0591d408ff4f77ae,UNDEFINED/UNSAT,959.0360000000001,2035,15,0,16,22,0.7272727272727273
898009,interleave2023_24.0_70af2c3bfd44bcf9baa2a9605f4a17fe,UNDEFINED/UNSAT,6.098,0,34,0,2,6,0.3333333333333333
898051,interleave2023_24.0_8d31ec9edeac705ffd1b23f0cc4f3256,SAT,1244.236,249,626,0,52,91,0.5714285714285714
898002,interleave2023_24.0_6bb485770dbc3943ea84933a03131958,UNDEFINED/UNSAT,1895.809,5,6,0,5,8,0.625
897819,interleave2023_24.0_00bb0b4ef28ed38c49de4c54b9fabc4d,SLURM_TIME_LIMIT,5100,2,397,0,105,127,0.8267716535433071
898140,interleave2023_24.0_c7bf3517f47d583ae567de3db3708969,OUT_OF_MEMORY,5100,0,0,0,0,0,0
898057,interleave2023_24.0_8fcc57f6c75cb2ac48d19e3038ad3c6c,UNDEFINED/UNSAT,351.25,6,0,0,6,8,0.75
897877,interleave2023_24.0_1ce81dbba1292bf791e194b17aa2a219,UNDEFINED/UNSAT,1803.179,0,1882,0,63,108,0.5833333333333334
897884,interleave2023_24.0_20be6aa61af15fd53b4c48eb3f2f3319,SLURM_TIME_LIMIT,5100,0,464,0,104,129,0.8062015503875969
897824,interleave2023_24.0_01966a0fc52b2200a13f5f835275a919,UNDEFINED/UNSAT,4094.913,0,376,93,108,139,0.7769784172661871
897888,interleave2023_24.0_21bde0ebb111c637a1ae8789827b0b73,SLURM_TIME_LIMIT,5100,0,0,0,169,169,1.0
898001,interleave2023_24.0_6b2ccabf0304af478a558b8a333ced32,SLURM_TIME_LIMIT,5100,6,21,8,3,6,0.5
898179,interleave2023_24.0_e46bdd62b3789b64f7fbb3bd6c99484e,SLURM_TIME_LIMIT,5100,0,18280,2120,29,141,0.20567375886524822
898033,interleave2023_24.0_8252d67358381873e07bb637ad177b83,OUT_OF_MEMORY,5100,0,0,0,0,0,0
897973,interleave2023_24.0_524848d379582b63060ed43d3729b9f3,UNDEFINED/UNSAT,1954.541,5,4,0,5,8,0.625
897933,interleave2023_24.0_3728fe50d8038c639c2d9c84e04fe2b1,SAT,52.871,13,68,10,5,14,0.35714285714285715
898208,interleave2023_24.0_fdc5aa7c150fd1c49ad3b50433277528,OUT_OF_MEMORY,5100,0,0,0,0,0,0
897896,interleave2023_24.0_25b7a69d04a5029cf4ba2f483b5bec45,SAT,274.687,3,0,0,2,3,0.6666666666666666
897985,interleave2023_24.0_5918f1624d4dfd964227356786a4e9ec,SLURM_TIME_LIMIT,5100,1049,740,16,58,102,0.5686274509803921
898058,interleave2023_24.0_909f704d5f4127c1197a086705468624,SAT,16.562,1,32,0,5,9,0.5555555555555556
897826,interleave2023_24.0_01dd5feb463fa80f73809718f6ff735b,UNDEFINED/UNSAT,2802.951,825,741,57,24,57,0.42105263157894735
898088,interleave2023_24.0_a45b60e53917968f922b97c6f8aa8db3,UNDEFINED/UNSAT,735.057,0,21,16,106,113,0.9380530973451328
898191,interleave2023_24.0_f0895a5904fb97278b7b54733ee1dabb,SAT,84.054,0,3,0,11,13,0.8461538461538461
898120,interleave2023_24.0_b5cede38496a803dcfa155a5f4295c47,SAT,585.942,75,15,0,14,22,0.6363636363636364
897903,interleave2023_24.0_28e45a3e488ddac73b6116cc6f3e67e0,OUT_OF_MEMORY,5100,29,0,0,1,2,0.5
897895,interleave2023_24.0_2537f10a45d7ab430334dc1de6bfbdf0,SAT,512.355,32,16,0,14,22,0.6363636363636364
897917,interleave2023_24.0_2ef023ae6c46e4415734f9349a36d678,UNDEFINED/UNSAT,1065.033,2064,257,27,11,36,0.3055555555555556
897842,interleave2023_24.0_090eefb9bc472f6478e70baf2c6d2403,OUT_OF_MEMORY,5100,0,0,0,0,0,0
898048,interleave2023_24.0_8c7477dc33a412514998a2fd6b32dbf5,SLURM_TIME_LIMIT,5100,0,82,316,155,157,0.9872611464968153
898025,interleave2023_24.0_79391ed5a7f19b947cefe7af1178146a,SLURM_TIME_LIMIT,5100,5,427,0,103,123,0.8373983739837398
897987,interleave2023_24.0_5b3d8a4465726adfcb58b9cdb1cc33f1,SLURM_TIME_LIMIT,5100,0,12059,211,54,149,0.3624161073825503
898072,interleave2023_24.0_97a17306a2882e0fd1aa3981a267df0d,SLURM_TIME_LIMIT,5100,173,121,0,66,106,0.6226415094339622
898152,interleave2023_24.0_d0364ea3e1680c6da7e982e6b0264af6,SAT,4823.819,6,400,11,133,158,0.8417721518987342
897977,interleave2023_24.0_54ab5a53d2fdfcda16ec74768b29f901,SLURM_TIME_LIMIT,5100,0,0,0,166,166,1.0
897821,interleave2023_24.0_00f4aca773e5675f35263dcd46b15bde,SAT,13.854,1,18,0,3,6,0.5
898156,interleave2023_24.0_d1f4348ad66cae01386777daae51c024,SLURM_TIME_LIMIT,5100,10,1478,5,30,86,0.3488372093023256
897965,interleave2023_24.0_4a6a797c6b4a8055d10b74edda9a5e30,SLURM_TIME_LIMIT,5100,0,831,0,72,121,0.5950413223140496
898095,interleave2023_24.0_a7bbcc6535cca5a37f015f29090e8797,SLURM_TIME_LIMIT,5100,7,65,0,3,8,0.375
897833,interleave2023_24.0_037c423f56548082b1935e88c48ffdda,SAT,0.254,6,6,0,2,3,0.6666666666666666
897947,interleave2023_24.0_40ae60a61929b6bfa2ac99ab4b9a0f7e,SLURM_TIME_LIMIT,5100,6,80,0,3,8,0.375
897967,interleave2023_24.0_4e64ffc14db014d5591f40865376c32a,UNDEFINED/UNSAT,1009.606,5,0,0,2,3,0.6666666666666666
898055,interleave2023_24.0_8f7cd9fb4b8852fdf9a21c606724c71a,UNDEFINED/UNSAT,1231.755,5,0,0,2,3,0.6666666666666666
898139,interleave2023_24.0_c40838cb3ed9babe51dc41185e70a3dd,OUT_OF_MEMORY,5100,0,0,0,0,0,0
898138,interleave2023_24.0_c32f194ad850c944142c74514dfb3c5f,SLURM_TIME_LIMIT,5100,0,0,0,167,167,1.0
